actmodern,False
dugsong,True
analslut,False
butthead,False
Yodaddy,False
jv2769,False
MOTHERFUCKINGTITAN,False
assjon,False
HGUALGUHALGHAG,False
DoNtBlOcKmyShIt,False
eivind,True
jmacd,True
ben,True
scandal,True
ssb,True
alan,True
zeev,True
wsanchez,True
jwz,True
gsutter,True
dcs,True
unfurl,True
jhb,True
dwhite,True
cmc,True
cg,True
darius,True
nsayer,True
kkenn,True
will,True
imp,True
nik,True
asmodai,True
delta,True
rwatson,True
mharo,True
obrien,True
billf,True
mph,True
jmock,True
msmith,True
green,True
grog,True
tetard,True
jedgar,True
nbm,True
winter,True
quiet1,True
phk,True
des,True
k,True
bp,True
peter,True
argent,True
thallgren,True
aunty,True
krylan,True
jkh,True
cynick,True
RogerBrowne,True
jallison,True
bmilekic,True
robla,True
esr,True
jack,True
miguel,True
xiphmont,True
BrucePerens,True
rms,True
itamar,True
mnot,True
connolly,True
mattwest,False
DV,True
Uraeus,True
rgregory,False
boncey,True
mazzabr,False
dwragg,True
AlanShutko,True
eskil,True
n9mtb,True
werner,True
ramiro,True
kaig,True
nelsonminar,True
judell,False
sab39,True
hacker,True
shlomif,True
dak,True
jLoki,True
ishmukler,True
gilbertt,True
ldunbar,True
mglazer,True
bytesplit,True
jdybnis,True
jtauber,True
movement,True
dsandras,True
latchkey,True
NickK,True
brouhaha,True
judge,False
cm,True
exa,True
lypanov,True
neil,True
daniels,True
karlberry,False
Twylite,False
aegis,False
scc,True
bkkx,False
zhp,True
ptk,False
quinlan,True
mitr,False
davem,True
riel,True
rakholh,True
raph,True
Iain,True
mathieu,True
mjs,True
julian,True
blizzard,True
advogato,True
jamesh,True
kelly,True
Darin,True
ettore,True
whatever,True
pepper,True
rtmfd,True
nullity,True
gleblanc,True
CelestialWizard,False
fejj,True
harinath,True
wichert,True
shawn,True
federico,True
notzed,True
zab,True
hp,True
timj,True
srivasta,True
phillupbanks,False
les2,True
pedro,False
crackmonkey,True
deirdre,True
joey,True
schoen,True
elise,True
leonardr,True
const,True
Zaitcev,True
konst,True
Boris,True
jschauma,True
tim,True
lauris,True
jules,True
jeorgen,True
ncm,True
ask,True
tladuca,True
effbot,True
nymia,True
ian,True
ribozyme,True
srl,True
volsung,True
Blacky,True
Gregoyle,True
EricSandeen,True
squiggy,True
Schemer,True
deekayen,True
criswell,True
Miod,True
tk,True
kbreit,True
piman,True
dgatwood,True
deepfire,True
Liedra,True
besfred,True
BattleCat,True
Rabbitt,True
vogelap,False
easino,False
davidw,True
jfleck,True
paulus,True
selerius,True
tjansen,True
mpawlo,True
robhudson,True
mickey,True
brett,True
hiten,True
marcos,False
natfriedman,True
jcheek,True
dria,True
jimd,True
digdude,True
dyork,True
lilo,True
dhagan,True
Mulad,True
dieman,False
kroah,True
Ryan,True
gnuchris,True
jlf,True
rachel,True
dayta,True
yakk,True
gbowland,True
jmcnamara,True
cwinters,True
chromatic,True
mojotoad,True
pjf,True
bikeNomad,True
footpad,False
edward,True
hands,True
bombadil,True
ruud,True
ajk,True
jgg,True
bdale,True
seeS,True
tausq,True
rcw,True
omnic,True
branden,True
jim,True
knghtbrd,True
bma,True
ajf,False
bcollins,True
Joy,True
JHM,True
hscholz,False
dalinian,True
anikula,True
anholt,True
BeeWarlock,True
aj,True
mwk,True
jtjm,True
espy,True
netgod,True
mpav,True
jonas,True
rmk,True
mirwin,True
fxn,True
freetype,True
TheCorruptor,True
loic,True
SteveMallett,True
voltron,True
jaq,True
ReadMe,True
hub,True
kevindumpscore,True
mfischer,False
jmoore,False
mbp,True
polo,True
aleix,True
purcell,True
riggwelter,True
mjcox,True
aeden,True
fuzzyping,True
chbm,True
redowl,True
keverets,True
remle,True
gregf,True
elwell,False
mwh,True
gstein,True
faassen,True
amk,True
ping,True
alecf,True
bernhard,True
wnewman,True
tigert,True
dalke,True
moshez,True
jhylton,True
shapr,True
cbbrowne,True
nowonder,False
gward,True
nas,False
dan,True
gvwilson,True
michel,True
fdrake,True
jhermann,True
jimb,True
pvaneynd,True
dougt,False
Johnath,True
crhodes,True
niemeyer,True
ShredWheat,True
ghaering,False
hubicka,True
dannyobrien,True
jmason,True
lloydwood,True
jafo,False
afayolle,True
Bram,True
kalle,True
rjones,False
corbet,True
etrepum,True
dannu,True
sdrees,False
speeder,False
Stevey,True
fbarros,False
pvillavi,True
mazurek,False
lkcl,True
elanthis,True
drc,True
ignatz,True
e8johan,True
lukeg,True
grey,True
krause,True
pkiforum,True
zoke,False
ottawaDave,True
rkarl,False
sponge,False
eckes,True
aleksey,True
digitect,True
cerquide,True
jao,True
jacobo,True
quintela,True
jpablo,True
davidfv,True
Jordi,True
sdodji,True
lerdsuwa,True
isenguard,True
juanpri,True
ghostgum,True
rillian,True
sej,True
Janus,True
ebizo,True
wardv,True
krazo,True
acoliver,True
RossBurton,True
cla,True
tflynn,True
Waldo,True
skypher,True
sangr,True
Bryce,True
nixnut,True
zenalot,True
esteve,True
angels,True
strider,True
kai,True
munizao,True
pat,True
Adrian,True
jacob,True
jtraub,True
Cantanker,True
jdub,True
chuckd,True
conrad,True
lukeh,True
craigbro,True
Alleluia,False
glyph,True
spiv,True
hypatia,True
mslicker,True
risi,False
dajobe,True
prigaux,True
fred,True
gc,True
zoratu,False
pjones,True
pzb,True
gleep,False
Thor,True
mrbill,True
chipx86,True
govert,False
fatalerror,False
kov,True
risa,True
id,True
jaco,True
TheNalf,True
berend,True
richieb,True
pschoenb,True
stimuli,True
gmc333,True
doylep,True
stone,True
angelsun,True
uweo,True
mattbradshaw,True
dlr,False
josh,True
ZIG,True
gregor,True
elj,True
rkroll,True
ksb,True
noda,True
taral,True
katzj,True
mlsm,True
MisterBad,True
maxkir,False
andrei,True
Henry,False
footrot,True
andersca,True
yosh,True
terral,True
itp,True
terop,True
kenelson,True
Guillaume,True
crt0,False
ab,False
csg,True
petef,True
wjp,False
dancer,True
fingolfin,True
DrCode,True
Nadir,False
jameson,True
dneighbors,True
thies,True
leon,True
shaver,True
dcm,True
Telsa,True
jamest,False
LotR,True
rodrigo,True
jmeskill,False
lewing,True
msw,True
malcolm,True
pavlov,True
dick,True
sopwith,True
dirtyrat,True
pphaneuf,True
dlc,True
kahlage,True
snowfox,True
hoffman,True
Malkuse,False
cameron,True
thom,True
mazeone,True
JoshO,True
ErikLevy,True
bratsche,True
pa,True
mrorganic,True
chrislea,False
jbowman,True
ole,True
RoUS,True
jaz147,True
welisc,True
goingware,True
NickElm,True
Ankh,True
hadess,True
coram,True
ariya,True
ajv,True
thorfinn,True
dhd,True
macricht,True
hship,True
zealot,True
jordan,True
jum,True
nooks,True
ger,True
Mystic,False
burnzie33,False
rrp,False
hunger,True
plasticboy,False
portnoy,False
milchmini,False
dryheave,False
Slimer,True
sagi,False
testing,False
jmturner,True
Norom,False
wiggly,True
johs,False
richlowe,True
pcburns,True
bkuhn,True
acme,True
seniorgoat,False
pinktulip,False
krystyn,False
claire,False
mill,False
electron,False
MagicT,False
LuckyJim,False
aarestad,False
raaron,False
johnca,False
linas,True
jhasler,False
nick,False
paan,False
megastep,False
nerdgir1,True
Ikarus,False
crahen,False
negishail,False
stwman11,False
jsebrech,False
glada,False
deb,False
mhz,False
madscientist,True
Redfist,False
dewback,False
domfox,False
burnedsyn,False
LukeFowler,False
TypeRite,False
jarcha,False
DanielV,False
slaught,False
denshi,False
cottonmouth,False
BlakeWatters,False
paulbain,False
allenchen,False
mike1,False
esden,False
blindcoder,True
rolla,False
GnuOwned,False
bogart,True
zdt,False
jmallett,True
DraX,True
arturogf,True
lgs,True
arauzo,False
carlosgc,True
garnacho,True
alvaro,True
oliverchan,False
ralsina,True
keichii,True
jmg,True
softweyr,True
jwalther,True
eric,True
shaneowenby,True
manoj,True
gbarr,True
chip,True
merlyn,True
pudge,True
freeside,True
ianmacd,True
stephane,True
cdegroot,True
liw,True
rasmus,True
bneely,True
dsifry,True
tobi,True
Fyodor,True
jes,True
star,True
pompeiisneaks,True
Dunc,True
mperry,True
scoop,True
whytheluckystiff,True
samurai,True
redrobin,False
silas,False
JALH,True
immunizer,False
entropy,True
Dacta,True
AlexBosworth,False
jeroen,True
oa,True
hpa,True
axboe,True
fenrus,True
rvdm,True
Treenaks,True
rvdmeent,True
Fluor,True
zarq,True
cmr,False
doogie,True
Tommer,False
coywolf,True
amnesia,True
duff,True
MikeCamel,True
mobius,True
mbrubeck,True
tod,True
mrcsparker,True
Leimy,False
kernelrahl,True
KrazyKiwi,False
rangerrick,False
softkid,True
zwane,True
bmastenbrook,True
pinskia,False
uriel,False
kiwnix,True
gpoo,True
cuenca,True
alo,True
juantomas,True
hylian,True
olea,True
jjamor,True
grex,True
jgb,True
apg,True
murrayc,True
alejandro,True
csv,True
codic,False
jrennie,False
crj,False
aether,False
bitstream,True
vektor,True
foozmeat,False
vab,True
aredridel,False
tcurtis,True
vicious,True
Kenny,True
Wilddev,True
drake,True
ajh,True
gman,True
vladimir,True
clahey,True
frb,True
jgarzik,True
jbj,True
marcelo,True
davej,True
bcrl,True
gbritton,True
dwmw2,True
hch,True
wli,True
kilmo,True
mulix,True
ladypine,True
nyh,False
mpr,True
gilbou,True
frogfoot,False
epsalon,False
sun,False
mikem,False
jono,True
neurogato,True
pasky,True
bbrox,True
negative,True
salmoni,True
aes,True
gby,True
kwoo,True
Akira,True
baruch,True
skribe,True
andi,True
CaptainNemo,False
domi,True
seb128,True
comrad,False
abg,True
cactus,True
nagya,False
Radagast,True
Jimbob,True
rconover,True
hovinen,False
Crimz,False
campd,True
jdube,True
Raphael,True
xach,True
gorgo,True
timur,True
Szilva,True
rse,True
al3x,True
danielk,True
toma,False
Jody,True
shooby,True
louie,True
BitchKapoor,True
anders,True
benno,True
gelderen,True
dirkx,True
alex,True
neo,True
ashp,True
sascha,True
dnelson,True
Rasputin,True
Kalana,True
sengan,True
xela,True
aoliva,True
scryer,True
dannyboy,True
Gruber,True
mvw,True
largo,True
bugg,True
gjvc,True
AilleCat,True
nib,True
carl,True
Nectar,True
naturedarren,False
rybolov,True
Kyrgan,False
sethcohn,True
kbob,False
chadfowler,False
thunder,False
Ivee,False
foster,False
kvance,True
bradfitz,True
uwog,True
Anthony,False
santana,False
davidz,True
robocoder,True
mjw,True
Mmarquee,True
menthos,True
whir,False
nutella,True
markandre,False
gary,True
rmathew,True
rbultje,True
johnnyb,True
skx,True
walken,True
bolsh,True
pcolijn,True
gnumuthu,False
guidob,False
chrisb,False
thoric,False
macmarcel,False
pycage,True
TazForEver,True
proclus,True
JMarc,True
Excalibor,True
msevior,True
chrisd,True
starshine,True
benson,False
shaleh,True
jpick,True
graydon,True
ljlane,True
icemonk,True
stefan,True
segher,False
bcully,True
clameter,True
squid,False
sjanes71,True
zack,False
eddie,False
eck,True
dres,True
jlbec,True
octobrx,True
henrik,False
tron,False
maswan,True
bribass,False
ajc,True
emil,False
kevlo,True
hilaire,True
lolo,True
aaronl,True
bertrand,True
marevalo,True
jsogo,True
pate,True
wcooley,False
shillo,False
bruce,True
nether,True
egad,True
cult,False
aaronsw,True
adam,True
ajt,True
akpm,True
caio1982,True
caolan,True
ebf,True
etbe,True
etumenba,False
fab,True
hald,False
Hallski,True
harold,True
ivan,True
jwag,False
KlausWuestefeld,True
mdupont,True
mharris,True
mikeszcz,True
ricardo,True
sh,True
simonstl,True
taw,True
tomiX,False
vdv,True
xmldoc,True
accord,False
alicepop,False
AndyPopescu,False
ashleyc,False
badgun,False
bekool,False
coolermax,False
cyberninja,False
dbit,False
deepline,False
aplphaeric,False
ferum2,False
freedj,False
fullday,False
gauss,False
golem,False
greenj,False
henryb,False
indiewire,False
jasoninfo,False
jerrysim,False
jmors,False
johnvk,False
kingjl,False
koolbe,False
kooler,False
loiseip,False
MaryJ,False
megalor,False
morepow,False
newbieq,False
odinv,False
otomoto,False
pipos,False
PJman,False
richym,False
robbymk,False
santafe,False
simonez,False
sixtyk,False
smb,False
sarahu,False
sunrise,False
talex,False
Tamilk,False
Titan,False
tommyb,False
yakamot,False
yanko,False
yellowrose,False
typhooon,False
abraham,True
alexzing,False
atai,True
beppu,True
billlyjoeray,True
byte,True
cmiller,True
decklin,True
edd,True
efge,True
grant,True
greve,True
hugo,False
idcmp,True
Inoshiro,True
jbs,False
jcm,False
jrb,True
khk,False
kmaraas,True
kmself,True
magsilva,True
MartySchrader,False
mitnick,True
mstone,False
nzkoz,True
pvanhoof,False
rupert,True
Skud,True
spikboll,True
splork,True
taj,True
tarzeau,True
thomasvs,True
TordJ,True
Tv,True
albi,False
avalon,False
benzaiten,False
bestway,False
bextor,False
bfg,False
cooliz,False
bluewave,False
creol,False
dino,False
favo,False
flo,False
format,False
gangsta,False
geekb,False
globe,False
goahead,False
goodwin,False
grro,False
gummie,False
hcp,False
imo,False
jenn,False
jesgre,False
jetpac,False
jezz,False
jo2,False
jols,False
kelmo,False
kitty,False
kri,False
kyh,False
lecooper,False
lenny,False
lisag,False
liz,False
lizz,False
lucky,False
mar,False
Mattas,False
McGillavry,False
ministrel,False
mmo,False
morechance,False
morningstar,False
Mrdizzy,False
mrpink,False
mrslg,False
newm,False
natone,False
nhr,False
nikki,False
nikkij,False
oyster,False
portm,False
scifi,False
SomeW,False
styler,False
Sunset,False
tigerr,False
triYann,False
ugh,False
vansic,False
weblucky,False
whiteangel,False
wilson,False
yoba,False
Zproject,False
eliab,False
larry,False
zacs,True
dmarti,True
bodo,True
fusion94,True
sohodojo,True
agntdrake,False
jedix,False
willy,True
pato,True
gerry,False
omarius,True
lars,True
lpd,True
Daryll,True
nelsonrn,True
stoddard,True
hansw,False
hv,True
Simon,True
mtearle,True
joshua,False
poombah,False
darkewolf,True
Huss,False
MaxB,False
MigL,False
Jimk,False
JakeOn,False
Space,False
WilSo,False
JackT,False
JimUn,False
RonD,False
Bim,False
Jin,False
TimK,False
Bark,False
Big,False
JonD,False
JH,False
Grr,False
Kio,False
Zet,False
Wik,False
SemP,False
Grek,False
Jarg,False
Bont,False
Bint,False
FredA,False
Jimmy,False
JustinJ,False
Crot,False
SamSam,False
Don,False
Dim,False
Walt,False
Fun,False
Rug,False
Doz,False
Lord,False
Speed,False
Vik,False
Shark,False
Ford,False
Man,False
Watcher,False
Dreamer,False
Gun,False
Finder,False
Women,False
Keymaster,False
Klon,False
Sunny,False
Gil,False
Hik,False
Dober,False
Shooter,False
Wind,False
Blink,False
Guffy,False
Spacewalker,False
Mikky,False
Spider,False
Maxer,False
Joan,False
Hak,False
Hummer,False
Boss,False
ViperX,False
Bill1,False
Huger,False
Ball,False
Burger,False
Hamp,False
Snack,False
Pep,False
Doomer,False
Won,False
Yangs,False
Damp,False
Grip,False
Gan,False
Erg,False
Bober,False
JFK,False
Hoy,False
Noy,False
Yo,False
Russel,False
Midnight,False
Fru,False
Dru,False
Net,False
Spik,False
Trol,False
Fin,False
Duz,False
Grad,False
Moor,False
mdillon,True
feldspar,True
hgayosso,True
graham,True
japhy,True
grem,False
edb,True
burtonator,True
sp,False
sneakums,True
redmist,True
jbucata,True
Fefe,True
omar,False
maw,True
joshferraro,False
hanwen,True
cannam,True
gjbadros,True
cmm,True
foka,True
ariel,True
technomancer,True
fpmip,True
akb,False
kfogel,True
buckley,True
gotcha,True
ks,True
jauderho,True
calum,True
mdz,True
prla,True
Wheat,True
trs80,True
jefft,True
jeek,True
cdent,True
mml,True
suso,True
jjw,True
eknuth,True
ahosey,True
zbir,True
patrick,True
johnsonm,True
ana,False
moray,True
linus,True
hanna,True
adw,True
tef,True
mjg59,True
cjwatson,True
dreier,True
shaneo,False
bwoodard,False
jwcheung,False
alexr,True
squinky,False
vincent,True
z,True
mdorman,True
bjf,True
bod,True
remi,False
bradm,False
robk,True
mrd,True
gojomo,False
baptista,True
playmobil,True
acidx,True
indiox,False
badvogato,True
superant,True
autrijus,True
SpottyDog,True
SorrowD,True
rhult,True
jborg,True
Fabian,True
basilio,False
alvherre,False
dsevilla,True
roozbeh,True
jemfinch,False
mstevens,True
crimson,True
kira,True
deusx,True
DragonFaX,True
ingvar,True
thomasd,True
penguin42,True
arafel,True
bekj,True
davorg,True
tripix,True
strlen,True
pap,True
manu,True
rth,True
cech,True
dunham,True
lfilipoz,False
edlang,False
lupus,True
marcel,True
danpat,False
apenwarr,True
cas,False
HPCThunder,False
ejb,False
calc,False
CentralScrutinizer,False
lordsutch,True
plundis,True
neuro,True
drow,True
lazarus,True
bfulgham,True
lalo,True
woot,True
csurchi,True
broonie,True
nidd,False
torsten,True
wurtel,False
mhatta,True
fog,True
karlheg,False
evo,False
psg,True
zed,True
jfs,True
jae,True
gopal,False
ljb,True
gibreel,False
mjt,True
brother,True
cpbs,False
havardk,True
xtifr,True
bas,True
weasel,True
wolfie,False
Demonishi,True
alfie,True
kojima,True
claviola,True
asuffield,True
kraai,False
rjain,True
baux,False
Netsnipe,True
robster,True
Ahzz,True
zhaoway,True
ElectricElf,True
mihtjel,False
jaybonci,True
dopey,True
tfheen,True
sjogren,True
amck,False
mako,True
migus,True
Satan,True
God,True
YogSothoth,False
sad,True
chaos,False
loki,False
FarcePest,True
LinuxNinja,False
blah,True
snippy,True
hackle,True
Stab,True
maelstrom,False
diablero,False
debater,False
anarch,True
smog,False
fork,True
torqumada,False
DavidEmrich,True
brg,True
lukem,True
talg,True
daw,True
async,True
jsm28,True
stevej,True
Malx,True
renster,True
Zooko,True
andrewsj,True
Denny,True
CryoBob,True
dutky,True
xkranda,True
adp,True
zoia,False
lmb,True
seklos,True
kitsune,True
mkp,True
pp,True
phil,True
uzi,True
prumpf,True
ajkroll,True
LGaby,True
AnnaMoo,True
alanr,True
prw,True
kgb,True
Netdancer,True
LenZ,True
cord,True
darkworm,True
rbrady,True
skh,True
Marcus,True
x,True
aaron,True
ehliar,False
eliot,True
kuro5hin,True
sdt,True
gjuyn,False
bwh,True
alriddoch,True
lemmit,True
motb,False
MichaelCrawford,True
pjcabrera,True
faw,False
dfenwick,True
dhess,False
knipknap,False
mooch,False
solovay,True
rlevin,True
phr,True
Nyco,False
yeupou,True
penso,True
neofutur,False
gael,True
thomppj,True
eskimoses,True
lkehresman,True
phlip,True
seek3r,False
skeeter,False
xdguan,False
gpadgham,True
dnm,False
iang,True
kodefu,False
moby,False
scrottie,True
washort,True
wmf,True
nchriss,True
ajaxx,True
gwachob,False
aminorex,False
miconof,True
Mala,False
steinn,False
eventide,False
hussein,False
cwryu,True
mchirico,True
Grit,True
amd,True
mr,True
djcb,True
markus,True
hin,False
dhartmei,True
todd,True
matt,False
Toby,True
MrBlobby,False
sja,False
groom,True
logic,True
rewben,False
wavy,False
braden,True
Ilan,True
casper,True
rooneg,True
sye,True
stric,True
redi,True
r4f,True
lucipher,False
lovelace,False
Anarchizt,False
anton,True
kmacleod,True
highgeek,True
XFire,True
tjl,True
jamie,True
murr,True
krow,True
kevinvv,True
petdance,True
daveb,False
jrobbins,True
gjritter,False
filemon,True
tcopeland,True
jmbarry,False
punkytse,False
cam,True
kimptoc,False
jimjag,True
rubys,True
okcrum,True
djs,True
jasper,True
valen,True
bjn,False
chuck,False
parise,False
jpc,False
avi,True
rohee,False
bagder,True
NetHunter,True
typo,False
Sjoholm,False
pamri,False
fatjim,False
ber,True
krftkndl,True
shalabh,True
MJ,True
Hoekstra,True
philhunt,True
davidjclark,False
butchland,True
karl,True
ChrisMcDonough,True
hathawsh,True
stevea,False
Uche,True
4am,False
tseaver,True
philikon,True
Christina,False
wingo,True
link,True
metaur,True
AlanHorkan,True
robilad,True
kuzman,False
stig,True
mael,True
trance9,False
bryanf,False
tetron,False
apgarcia,True
opiate,True
phe,False
chalst,True
tromey,True
bje,False
zw,True
Budgester,False
heschong,True
robey,True
onki,False
extra,True
Artimage,True
icepick,False
musb,False
lclaudio,True
dskoll,True
storm,False
rmorgan,False
julio,False
ingotee,False
spot,True
hubertf,True
abs,True
jrf,True
orabidoo,True
fair,True
nathanw,True
Ushakov,True
marc,True
LaForge,True
ftobin,True
temas,True
daniel,True
jeremie,True
rgb,True
mblevin,True
chorizo,False
Aiken,True
jml,False
jmm,False
scromp,False
jpayne,True
mdanish,False
varjag,False
fufie,True
tbmoore,True
wishan,False
rstevens,True
jmd,False
Spoon,True
autarch,True
Abigail,True
ziggy,True
markjugg,True
Schuyler,True
Rich,True
adrianh,True
giros,False
MCArkan,True
zilch,True
syngin,True
chakie,True
safarial,False
jdahlin,True
jwb,True
dmz,True
mechanix,True
Rediscover,False
roguemtl,True
khemicals,True
rawb,True
mk,True
DizzyD,True
pgmillard,True
dwaite,True
Erbo,True
jmecham,True
KaiL,True
bratislav,True
kimusan,True
kanikus,True
Carbamide,True
martin,True
era,False
Barbwired,True
villate,True
bownie,True
lxhispano,True
chema,True
gwolf,False
xose,True
gerardo,False
davefx,False
godoy,True
mancha,False
gregorrothfuss,True
danguer,True
macana,False
acero,True
jotajota,False
syvic,True
tanis,True
afernandes,False
Camille,False
Jujo,False
skymix,False
norpan,True
bagfors,True
dennis,True
wulfrano,False
MiG,False
KBrown,False
mx,True
i0lanthe,True
olive,True
msmarcal,False
maragato,True
Centove,True
cael,True
Arlo,True
chrisime,True
kirillov,True
cgabriel,True
mfleming,True
gramps,True
rebecka,True
trow,True
jonallen,True
dmerrill,True
aldug,True
ndw,True
arik,True
Archit,True
lsdrocha,True
snorp,True
sisob,True
typezero,True
ElCoronel,True
montana,True
jimmac,True
garrett,True
icewarriorlady,True
555,False
dorward,True
cinamod,True
czw,True
Uruk,True
spong,True
mishan,True
jlp,True
jbontje,True
mcelrath,False
fozbaca,True
wrvh,False
hexmode,True
JB318,False
thewatcher,True
extremely,True
monk,True
OeufMayo,False
DaveGoehrig,False
phaedrus,True
nm,True
alecm,True
Maltranar,False
orph,True
mark,True
nwv,True
fitz,True
lefty,True
PureFiction,True
Platypus,False
tav,True
arma,True
SIrabbi,True
cmuller,False
andreaskupries,True
jenglish,True
xsa,True
lynx,True
schubert,True
8088,True
dtucker,True
Sorcerer13,False
apeiro,False
leviramsey,True
niksilver,True
MartBrooks,True
uleonhardt,True
fscked,True
jochen,True
mang,True
djm,True
timg,True
mike750,True
vorlon,True
mickeyl,False
returnoftheredi,True
hereticmessiah,True
XeF4,True
zeevon,True
kmcmartin,True
dave0,True
davidm,True
Sarah,True
ldodds,True
huiyuan,False
Krelin,True
kandalf,True
Phoon,True
tunesmith,True
spicyjack,True
codedbliss,True
psj,True
Kay,True
larsu,True
boodle,False
loam,True
Michael,True
klevin,True
Roger,False
lethal,False
Foxwolfen,False
jedi,False
bart,False
Philou,True
anewsome,False
nym,False
doobee,False
mrchrist,False
eMBee,True
sparks,False
bobg,True
andre,False
gwossum,True
panix,True
Ausmosis,True
synctext,False
horus,True
Nygard,False
baueran,True
wlach,True
amars,True
opticnoise,True
futility,True
gt3,True
MisterP,True
bruder,True
morcego,True
epx,True
jarod,True
clausen,True
Roxo,True
Eitch,True
johnw,True
ralf,True
osvaldo,True
baretta,True
rbp,True
rw,True
xsandro,False
casantos,True
aftyde,True
Dionys,True
macanudo,False
Manesse,True
technik,True
meni,True
boto,True
heliocastro,False
aristeu,True
JKaranka,True
jjmerelo,True
baiju12,True
scarroll,False
matias,True
tronical,True
Capzilla,True
bero,True
lukas,True
nipper,False
crudman,True
vtamara,True
xcyber,True
superuser,True
khazad,True
andersee,False
csm,True
proski,True
mascot,True
ade,True
dotSphinx,True
ib,True
nicku,True
neoneye,True
aero6dof,True
jeffcoat,True
Joschi,False
gerv,True
jsh,True
flawed,True
bartd,True
mbit,True
rmt,True
pliant,True
stefano,False
h4,False
accdias,False
lmvaz,False
xshadow,False
thrx,False
dm,False
stratus,False
herzi,True
gicmo,True
ensonic,True
ovg,True
halcy0n,True
president,False
sand,True
wrffr,False
stevex,False
jef,True
infodragon,False
ovo,False
revoquer,False
Barbicane,True
nobreak,False
memeyou,False
wtogami,False
RobFlynn,True
slogan,False
CarloK,False
Rhys,True
osk,False
bgough,True
Ender,True
mart,True
laxdragon,True
Lolindrath,True
mathias,False
yoann,True
starzz,True
cdlu,True
Twilight1,False
xsdg,True
MikeGTN,True
zachlipton,True
evan,True
revjim,True
tydel,False
cgushue,False
barryp,True
andrewgilmartin,False
wacky,True
twistor,False
pabs,True
hallvar,True
term,True
amit,False
codetoad,False
TheGiver,False
rcastro,False
livio,False
mbaker,True
ivey,True
fabien,False
gproux,False
mackstann,False
slamb,True
mallum,True
brwill,True
Cardinal,True
MarkL,True
danieldk,False
Mrleejohn,False
ovek,False
ericp,False
ischmidt,False
cmorgan,False
pergj,False
jsheets,True
gav,False
otavio,False
goedson,False
regisfg,True
owens,True
benh,True
kennell,False
sydelko,False
sergent,True
tmattox,True
rengolin,True
jace,False
Donwulff,False
Nejucomo,False
Geoffrey,False
nocturne,True
jesse,True
kjpires,False
Gnomen,False
zeenix,True
avriettea,True
titus,True
robertc,True
richdawe,True
Svartalf,True
harshy,True
Omnifarious,True
wspace,True
kz,True
tnt,True
zztzed,False
MenTaLguY,False
JZig,True
Lery,False
buchi,False
kwired,True
gazook,False
shew,False
reschke,False
kju,False
plan9,False
prana,False
binaryfoo,True
fc,True
tschwall,True
maelstorm,True
grib,True
sabetts,False
paladine,False
eugene,False
theo,True
benc,False
slate,True
BrentN,True
scottp,True
rcp,True
sw,True
jenni,True
jennv,True
aris,True
KevinL,True
jpr,True
ykki,False
archeral,False
oubiwann,True
Ricdude,True
voda,False
alastair,False
karawynn,False
varelse,False
zoot,True
magog,False
jlof,False
mcoletti,False
Melomel,True
Crutcher,True
harald,True
notting,False
misa,True
cturner,True
statbanana,True
jch,True
ev,False
Fare,True
hazmat,False
Arrow,False
silver,False
btv,True
khashayar,False
samth,True
sterwill,True
jonkare,True
donscarletti,True
fjf,True
dobey,True
behdad,True
dcoombs,True
TSBandit,True
sheath,True
gabe,True
brain,True
thiagom,True
radtke,True
claudio,True
gwm,True
ruda,True
maluco,False
wannabe,True
mtk,True
jamesm,False
mgm,False
db,True
Senra,True
AntonA,True
tahorg,False
trini,True
dank,False
val,True
cdub,True
fbl,True
felipewd,False
rml,True
gqueri,False
laredo,True
anderson,False
linuxata,False
lezz,False
MUD,False
whump,False
rafeco,True
nickm,True
duncanm,True
sidr,True
trudelle,False
bengoodger,True
gagzilla,True
sspitzer,True
leaf,True
image,True
jaz,True
karmazilla,False
biffhero,False
lorenz,False
ewan,True
evilwalrus,False
salimma,False
vidar,True
z3p,False
carmstro,True
calderone,False
chaoticset,False
IlyaM,False
waider,False
jaded,True
ali,True
sah,False
ModernRonin,False
hanksdc,False
davewiner,True
Xorian,False
sgithens,False
mathgenius,False
usmile1,False
jhyde,False
RichardA,True
gobry,True
kvaneesh,True
dlecorfec,True
jds,True
jibbler,True
kjwoo,False
kjw,True
parkerc,False
leio,False
frehberg,True
fallenlord,True
lllmanulll,False
Burgundavia,True
orique,True
jgw,False
tdxdave,True
benadida,True
vkurup,False
emk,True
scottg,True
dossy,False
tterb,False
slef,True
paulr,False
ishamael,True
RyanMuldoon,True
Talin,True
bigkevmcd,True
whaletales,False
alfons,True
johnb,False
iDunno,True
Chicago,True
mattr,True
mibus,True
teknix,True
pfh,True
Baud,True
stevebaker,True
jorn,True
sxpert,True
walters,True
danf,True
linn,True
Spooky,True
pnasrat,True
pjdowner,True
zero,False
striker,True
mrbook,True
jpalme2000,True
kabalak,True
ahyden,True
higb,False
almer,True
Tester,True
jwise,True
jeremiahrogers,False
ollesson,False
Tijs,True
sprite,True
mca,False
lsheehan,False
dje,False
ijop,False
chokan,False
rv,False
isamar,True
Nafai77,True
edrx,True
gshapiro,True
quentin,False
live,False
kr0n,False
flavio,False
deego,True
shevek,False
smw,False
kuwait,False
selmux,False
openbsd,False
rx,False
happybob,True
sjburges,True
netsaint,True
jrepp,True
Gimptek,True
prozac,True
apm,True
haroldhunt,True
rsharpe,True
faye,True
andrewmuck,True
jme,False
cmacd,True
mort,True
stoney,True
aclark,True
flight,True
cerb,True
wwwwolf,True
ksandstr,True
juhtolv,True
trj,False
jedigeek,False
cbm,True
jop,False
Barracuda,False
mentifex,True
erikm,True
ahu,True
FreeHermit,False
nayaniabhishek,False
ajg,True
kwayne,True
AvEng,False
adraken,True
sl0th,True
jerry,False
strath,True
noeld,False
ryuch,True
srn,True
mdeegan,True
UnNamed,True
Cynic,False
lgerbarg,True
ianb,False
rattus,False
nconway,True
garym,True
dvl,False
karimlakhani,False
roboros,False
tml,True
mitch,True
SolidCore,False
kazen,True
piledriver,False
ppatters,True
drheld,True
slajoie,True
ilgiz,True
chexum,True
JoeNotCharles,True
sfllaw,True
andrewmp,True
miniver,True
vila,False
vincentvatter,False
jrt,False
Rika,False
interiot,False
deven,True
farrellj,False
boog,True
norny,False
jleader,False
bushing,False
cjoh,False
Nurf,False
hiller,True
orlando,False
atrn,False
drivers,True
beldon,False
jfrisby,False
pmitros,False
tgall,True
rw2,True
automaton,True
bwtaylor,True
LinuxBitch,False
8bit,True
anselmo,False
danwang,False
cananian,False
blume,True
leunga,False
GJF,True
jmb,False
kris,True
tialaramex,False
jmelesky,True
nigelk,False
ericj,True
Randakar,True
bvermeul,True
neale,True
echuck,True
aelman,True
ged,True
jstanton,True
dchapes,True
beret,True
erconde,True
ish,False
soda,False
drazzib,False
jul,False
Meuh,False
riverwind,False
riscgrl,True
Wazm,True
Dries,True
egnor,True
nated,False
jk,False
mkrus,True
Asparagirl,False
jmcastagnetto,False
allenjs,False
IsaacGolding,False
vworld,False
dwiner,True
fielding,True
johnny,False
NukeGeek,False
TiMax,False
janschrage,False
PostPaul,False
StEgo,False
niceguyeddie,True
Apakuni,False
andyv,False
mrb,False
Affero,False
robot,False
chregu,False
BlackSkorpio,False
grape,False
miko,False
bergie,False
roku,False
mysticone,True
dmwaters,True
jstraw,True
ddent,True
vryl,False
mvo,True
Pistos,False
TheBonsai,True
fcrozat,True
gheet,True
mpesenti,True
xan,True
funrecords,True
kristian,True
clarkbw,True
kfg,False
serlim,False
forgotPassword,False
testuser,False
kickaha,False
bgdarnel,False
MattyT,False
psionic,False
lathiat,False
tor,True
Ward,True
jg,True
gka,False
twisted,False
deft,False
yaneti,True
tom,False
syl,False
Shaman,True
mikl,False
nomis,True
austin,True
mengel,True
Chestal,True
nuncanada,True
pencechp,True
osullivj,True
daverd,True
mterry,True
peterw,False
jkeating,True
ken,False
zephc,False
mathsfan,False
pau,True
thrase,True
opie,True
jimwelch,True
slok,True
listen,True
Pike,False
harvey,True
JonRock,False
Fyndo,True
mskala,True
gert,True
wojtek,True
albert,False
gphat,True
timball,False
Sunir,True
SRFurlong,True
Titivillus,True
che,True
fimmtiu,True
dinsdale,True
wrowe,True
vivekv,True
nikodemus,True
scottj,True
gord,True
doa,True
hal,True
kalowsky,False
fbscarel,False
DarkBlack,False
shiflett,False
Graeme,False
forrest,True
rlk,False
stevegt,True
dbryson,True
wseltzer,True
lyxmoo,True
frogface,True
pere,False
pfremy,True
Lehrig,True
tripp,True
kang,True
dinhthuy,True
eniss,True
Koala,True
bluefoxicy,True
juancpaz,True
cortezcarlos,True
davidr,True
aicra,True
auspex,True
bgeiger,True
darkheavy,True
tite,True
vazzo,True
Monty,True
madhatter,True
bonzini,True
elduderino,True
alexm,True
cTaylor,True
RickMuller,True
brondsem,True
loudici,True
sulaiman,True
rasjani,True
yashi,True
realblades,True
pfdietz,True
rhestilow,True
imbe,True
Penix,True
jbuck,True
Pizza,True
sviens,True
bytes256,True
tdb,True
azz,True
sarynx,True
bradyn,True
ironwood,True
zotz,True
markonen,True
plasmaroo,True
DeepNorth,True
ztf,True
polak,True
fuzzynerd,True
iamsure,True
nixx,True
ak,True
trukfixer,True
loadquo,True
Klass,True
gonzo,True
dpash,True
keybuk,True
BillGlover,True
rcaden,True
mikehearn,True
lurgyman,True
timriker,True
diablod3,True
systrace,True
digitalSurgeon,True
johanges,True
elixxir,True
follower,True
jlouis,True
blm,True
snim2,True
jamuraa,True
tmorgan,True
watete,True
sri,True
presroi,True
quarl,True
hackery,True
haruspex,True
pabs3,True
sandro,True
ianaverybryant,True
jarashi,True
dangermaus,True
chipster,True
patthoyts,True
reinouts,True
nobse,True
glasseyes,True
valessio,True
xf,True
pedroas,True
iddekingej,True
Physicman,True
adulau,True
wildweasel,True
pbor,True
piratepete,True
jaboutboul,True
badger,True
hunkim,True
lhorn,True
skvidal,True
ffrederick,True
norm,True
sashako,True
ClimbNorth,True
eran,True
simos,True
CharlesGoodwin,True
jserv,True
saugart,True
gadek,True
Ruffy,True
Lobster,True
lucasr,True
pipeman,True
tgw,True
acs,True
pesco,True
robsta,True
beto,True
fzort,True
Ohayou,True
bilboed,True
adrighem,False
edp,False
tiagovaz,True
fabrice,True
ylith,True
jayakumar,False
zanee,True
quad,True
proxop,False
nikson,False
senthilkumar,False
classen,False
joe,True
mkraemer,True
bhyde,True
charlie,True
joel,False
Zeta,False
scjody,True
walpuski,False
mrsbrisby,False
cit,False
voldure,True
ploppy,True
Acapnotic,True
garrison,True
omega,True
pretzelgod,True
abstrakt,False
johnm,False
xandi,False
shwag,False
risacher,True
rmach,False
sonoffreak,False
rae,True
vinsci,True
tackat,True
Toastie,True
shughes,False
monkeyiq,True
Gerk,True
alonsoac,False
mlaier,False
rat,False
spiff,False
eikeon,True
camk,False
aceponkus,False
jonb,False
Creslin,False
flaggz,True
3222,False
error27,False
mjcjunior,False
spade,False
kijiki,False
KirkWylie,False
maxx,False
cesar,False
jackson,True
fenrir,False
bowis,True
Gnrfan,True
Coldharbour,False
overclocker,False
precision,True
thull,True
cheesecake,False
IainLowe,False
brandon,False
Slow,True
Verement,False
nop,True
dirtoky,False
sol,False
AArthur,True
ShawnW,False
mathrick,True
ds,True
svu,True
peaceandlove,False
sjourdois,True
no,False
Coverfire,True
kettenis,True
Jesus,True
tvgm,True
Ng,True
ataridatacenter,False
neonzebra,False
inri,True
dto,True
steph,True
jtc,True
njh,False
hugues,True
BenFrantzDale,True
tony,False
justin,True
halcyon,False
carol,False
sford,False
claw,False
Dauphin,False
apostle,False
steveh,True
exwired,True
colin,True
sauron,False
pixelbeat,True
thomasq,True
mario,False
banram,False
Fleedwood,True
nils,True
sethg,False
johnmeacham,True
Quetzalcoatl,False
four,True
dunne,True
iGN,False
Elvis,False
stripling,False
pulp,True
francis,False
dlehn,True
sjmurdoch,True
pjc51,True
belmo,False
dog,False
ker,True
mbj,True
voland,True
bbense,True
yang,False
jameskay,False
Scotbuff,False
eli7,False
Logu,False
is,True
jerenkrantz,True
Netsabes,True
rkrishnan,True
sparkman,False
0,True
compiler,True
skeezix,True
caelyx,False
velco,True
chalky,True
twiun,False
eliphas,True
rodarvus,True
webseeker,True
minami,True
aniruddha,True
amits,False
amberpalekar,False
StevenRainwater,True
amey,False
benjl,False
thaytan,True
samj,True
Dougiamas,True
drs,False
mrbrown,False
zx80user,False
phro,False
mjd,False
sjhill,False
major,False
darthgnu,False
mjstahl,False
sambau,False
ncunningham,False
spelugx,False
bsmith,False
analogue,False
abo,False
rosen,True
jooon,True
Erik,False
njaard,True
jasonkb,True
jlittle,True
fluffy,False
jht,True
docwhat,True
rread,True
Santiago,False
xxant,False
rossigee,True
petdr,True
jf,True
odaf,True
benji,True
aldo,True
guidod,True
bkorb,True
tadej,False
panner,False
hurstdog,True
davidtrowbridge,True
micahjd,True
trage,True
chorand,True
sral,True
allanf,True
jwboyer,True
bagpuss,True
rlougher,True
markm,True
Albrecht,False
Kouran,True
alp,True
jerdfelt,True
epcraig,False
gregorsamsa,True
Jerub,False
jngadreau,False
topquark,False
arozell,False
kishorebalakrishnan,False
wainstead,True
Deepa,True
dr,False
jr,False
dolphy,True
company,True
troutman,True
turnera,False
Yashy,False
joshuat,True
blanu,False
fen,True
Drue,False
mutiny,False
Antonomasia,False
demoncrat,True
gbroiles,False
Safari,False
emag,False
mhamrick,False
faisal,False
rdl,False
nealmcb,False
hardcorebit,True
jamoore,False
yarbles,False
shrdlu,False
warner,True
wilmer,False
Thias,True
DaGovna,False
andreas,True
igor,True
cbj,False
ijliao,False
kiffer,False
minipanda,False
argaldo,False
zifnab,False
fumanchi,False
sbergmann,False
baerli,False
Imzadi,False
sgore,False
saul,False
rodolphe,True
jlb,True
tinus,False
AndyDvorak,False
Killerbees,False
btenison,False
nyberg,False
dormando,True
vikasgp,False
LazyJones,True
mkc,True
bit,True
JohnP,True
magKong,False
dap24,False
snotty,True
dannys42,True
aturner,True
aaronmalone,True
peat,True
Russ,False
jvic,False
pnambic,False
rcyeske,False
stevengj,False
grepninja,False
xanth,True
redhog,True
OpenSourcesJapsEye,False
HiroProtagonist,True
Reboot,False
nikai,False
colinleroy,False
mones,True
irb,False
atporter,False
randu,False
kramarao,False
loveandpeace,False
joolean,False
ssp,True
tk421,False
konos,False
dtype,True
creed,False
dgoel3,False
Drew,False
trailboy,False
dag,False
Alquimista,True
nwertman,True
zwoop,False
Apuleius,True
lusena,False
dnk,False
aigeek,True
dyeske,False
motty,False
PaulWay,False
jorrit,True
metal,False
cascardo,False
fweiden,True
jan,True
coorman,True
wtf,False
rotty,True
defiance,False
epaulson,False
synap,True
Bodnar42,False
Shenka,False
liquid,False
L3ECH,False
kesor,False
TheBean,True
AustinBlues,True
harrisj,True
gtaylor,True
wetdog,True
Dodger,True
abryant,False
haip,True
saintbrie,False
zx64,True
mw,False
yuedongd,False
kwa,False
davidu,True
jdigital,False
CEmery,True
jelly,False
dpavlin,False
jferguson,False
jhill,False
nuked,False
jelle,False
razor,False
slide,True
Daneel,True
mozext,False
icszepp,True
lev,True
mdekkers,False
cpw,True
kir,False
sculptor,False
geofflane,False
jnewbigin,False
sthippo,False
myelin,False
FungosBauux,False
olandgren,True
bjgm,False
jlatour,False
chipig,False
tbradford,False
Elkay,False
jayc,True
FORTYoz,True
Pitr,False
mbanck,False
surripui,False
karen,False
mattb,False
burghardt,True
eMMe,False
pibizza,False
pghowlett,True
Judith,True
Builder,True
rcassin,True
karmyshev,True
pippin,True
ekashp,True
jas,True
ayan,True
chroma,True
jackshck,False
jduncan,False
cyrus,False
Aragorn,False
dbenbenn,False
vadim,True
duncan,True
diskzero,True
trebinor,True
DanSmith,True
earthmkii,True
darkelder,False
jpm,True
jimw,True
joern,False
wmperry,True
pretender,False
SyntaxPolice,True
ralfdog,False
nlevitt,True
jaldhar,True
DaveMalcolm,True
nickshanks,False
creis,False
hitweb,False
tpi,False
arhuman,False
nhoizey,True
ctd,True
mcg,True
Tofu,True
thepug,True
brian,False
nogbogfrog,False
gorlitsky,False
jflemer,False
pazu,False
alan76,False
worker,False
leibnitz27,False
davb,False
jlipton,False
k2pts,False
chrisbolt,False
loge,False
dgerstma,False
kronenpj,False
lance,False
gregk433,False
dido,True
antirez,True
mcr,False
kiniry,False
StuC,False
distobj,False
superpete,True
adubey,True
timcw,False
mettw,False
pelleb,True
NuniaBiz,False
ringbark,True
naba,True
wow,True
slm,False
djur,False
Judas,True
msa,False
Mort666,False
Neron,False
scald,False
kairo,False
cguenther,False
Malkin,True
Grimicus,True
novalis,True
MacroHard,False
a7r,True
RJ11,False
tglx,False
mwimer,True
Carlos,False
Zell,False
Tomer,True
stargazer,True
timp,True
ravskel,True
taec,False
ths,False
RobinS,True
semaj,False
jermnelson,False
Surfr,True
djweis,True
huge,False
joke,True
hawtink,False
ToJe,False
fra,True
slive,True
tubi,False
shouhanbou,False
doxxx,True
rmorrell,True
khoerling,False
angel,True
zefnd,False
biznas,False
zzorn,True
physos,True
rizen,True
mattam,True
shd,True
caf,True
pabos,True
cwinans,True
squrl,True
metaman,False
zxc555,True
rio,True
kclayton,False
mjansen,False
kdkeck,False
smurp,False
kylegordon,False
paci,True
panta,True
ddkilzer,True
nmw,False
gohmdoree,False
dhruva,False
rbb,True
jwoolley,True
ion,True
gampid,False
freyther,False
arb33,False
4ngel,False
josef,True
jkl,False
render,False
nix,False
jmerelo,False
behnam,True
lila,False
crandall,False
ashtong,True
aireymouse,True
beland,True
PHPGuy,False
Aquila,False
schweikert,False
lucas,True
mhanni,True
dyfrgi,True
paul,False
aint,True
rodo,True
gustavog,False
arvind,True
toshok,True
qwertyboy,False
mpruett,True
dbartold,False
kagedal,True
data,False
vivake,False
gregt,False
juanjo,False
rodsenra,False
BrandonTallent,True
asleep,True
pusakat,True
pnkfelix,True
hniss,True
Alonzo,False
sabren,True
careilly,True
bos,True
tmokros,False
prenagha,False
rednix,False
ZachGarner,False
scottyo,False
goran,True
masilva,True
Josiah,False
psdie,False
abom,True
qmacro,False
jah,False
jra,True
gallen,True
tja,False
tca,False
pehranderson,False
giraffe949,False
cavok,True
Juln,False
paddbear,False
GrahamAsher,True
fbomb,False
Aspuru,False
tma,False
jashley,True
mrbacon,False
nny,True
nate,True
trackman,False
mbm,True
marius,True
uesugi,False
licquia,True
glenn,True
chicane,True
Trakker,True
sness,True
jonathan,True
milkman,True
bluelip,True
her,False
methodMatthew,True
habes,False
rsousa,False
zon,True
njohnso,True
ditd,False
CmdrTaco,False
jose,False
rweir,False
sussman,True
markpasc,True
kendall,False
savs,False
steved,True
brlewis,True
janfrode,False
hoatuka,False
jkinsella,True
Al,True
dmuz,True
sommere,True
mstarch,True
blackamon,True
ruaok,True
Dougster,True
Jewelsthorn,True
jianshi,True
gdvieira,True
nosinut,True
brainsik,True
Eli,True
RaNma,True
mukul,True
juran,True
ardiri,True
bstpierre,True
shifter,True
davidl,True
topher,True
guerby,True
premus,True
japj,True
roundeye,True
jakd,True
Qbert,True
squish,True
Lionfire,True
sublum,True
dmm,True
pom,True
flatcap,True
atech,True
iwehrman,True
pa1et,False
gp,True
imarsman,False
koNrads,False
krokodil,False
sits,True
hachi,False
zak,True
jonabbey,False
jmaes,True
Daagaak,False
menesis,True
panthar,False
drariel,False
ajmitch,True
alcaron,False
PhilipHunt,False
gnu,False
Perrier,False
phooky,False
ath,True
geoffeg,False
ChrisMecca,True
derick,False
bjr,False
postwait,False
mathie,False
jmbesnard,False
puffin,False
veltzer,False
jmellen,False
tjmather,True
cce,True
booyaka,False
landonf,False
jsn,False
alexh,True
gus3,True
ahvezda,True
rkinder,False
irbis,True
cgillot,False
kcbark,False
lidl,False
whenning,False
mbacarella,False
airlied,False
Perrin,True
mdub,False
Milambar,True
jdhildeb,False
joe566,False
Urs,False
siokaos,False
jcv,True
roshan,True
kasan,False
LSchiere,True
wilane,False
benoit,True
CharlesKerr,True
helcio,True
shrooti,False
ddhulla,False
kiko,True
gnutizen,True
bescoto,False
papineau,False
coriordan,False
hukka,False
Hunter,False
takis,False
croy,True
MichaelCardenas,False
water,False
pkot,True
larspind,False
chrishowells,False
jolan,True
xor,False
brejc8,True
echeslack,False
jgrahamc,False
joshk,False
Xantus,False
opum,False
bahner,False
ebassi,False
ramoth4,False
RyanPavlik,True
trygvis,False
nion,False
miah,True
stalens,False
garbeam,False
rince,True
elrond,False
dburcaw,False
ani,False
ciro,True
sama,True
dondy,False
itodd,True
jblack,False
hobbs,False
igspectre,True
nullspace,True
viper,False
bknotts,True
youngsd,True
natan,False
capo,False
vlastyn,False
reagle,False
thibaut,False
jimray,True
nicholasl,True
awu,True
matman,True
eviltofu,True
lindsey,True
stillflame,True
flgr,True
jgoldsch,False
cjs,False
opk,True
gcw,True
creinig,False
jay,False
raboof,True
zagor,True
Morendil,False
CJA,False
dexter,True
Lordy,False
salvadorfb,False
CharlyBrown,False
larsrc,True
joncruz,False
bpt,False
dsk,False
maubury,True
sniper,False
imajes,False
flanth,False
terceiro,False
timezero,False
secabeen,True
grok,False
oneiros,False
joedecker,True
cipher,True
Nome,False
jct,False
phill,False
olg,False
palnatoke,False
straznp,False
needo,True
bigdisk,True
pmcgovern,True
psychogenic,True
jbourne,False
brettcar,False
freebot,False
toxickore,False
imcsk8,False
Sandino,False
meebey,True
soto,False
bigpanda,False
rama,False
okopok,False
Vippla,False
fox,False
grupis,False
cfuentea,False
deviana,False
teeh,False
foo,False
eugenia,False
alf,False
efraim,False
Nelson,True
Ansimorph,True
erwann,True
lmjohns3,True
yusufg,True
lucasgonze,True
kck,True
makki,True
jpritikin,True
nyo,True
iagorubio,True
djinn,True
dphase,True
mugoi,False
jluke,True
grinderthesecond,False
yandros,True
kcr,True
mlinksva,False
FreThnkr,False
emad,False
olle,True
larke,False
pawal,True
pal,False
rurban,False
dairiki,False
zahl,False
Aardappel,False
theGREENzebra,True
StormCrow,False
Arrowhead,False
manuel,False
Isomer,False
obi,False
oxygene,False
spacehunt,False
ypwong,False
kdebisschop,True
jbailey,True
yuniarsetiawan,False
fabiano,False
Gandhi,True
ru,False
ozabluda,False
sergio,False
PhOeNiX,False
jfoster,True
trelane,False
miro,False
francisca,False
mikerx,False
paulv,True
malcom,True
liff,False
leonardo,False
libGTK,False
mlavallee,False
brane,True
netzero,False
kilobyte,False
mparaz,False
Goonie,True
verbal,True
krivilli,False
foolswisdom,False
bmann,False
Hobart,True
reuven,False
pvg,False
steintr,True
arrowood,True
adric,False
pwlfong,True
mbucc,False
soohrt,False
luwei,False
bkhl,False
sachac,False
L2G,False
nornCabor,False
gohigh,False
skyhook,True
aeppert,True
lwillis,False
rogoyski,True
Quique,True
james,True
jbyers,True
SeaDragons,False
grahamw,False
biz,False
ttonino,False
moore,False
taiboss,False
someidiot42,False
zbowling,True
eloj,False
Marjon,False
nopri,False
partain,True
tpot,False
flomo855,False
PaulJohnson,True
CowboyNeal,True
xriso,True
LeeJay,True
rcade,True
adrianogalano,False
Pseudonym,True
alisdair,True
Andree,False
porfiry,False
spuk,True
douglaz,True
tevaum,True
Lothar,True
lotia,True
thoran,True
mochel,False
Phlucks,False
beercan,True
brujah,False
andy47,False
kaustubh,False
dwheeler,True
dark,False
andyc,False
aersoy,True
camber,True
roffe,False
edmundo,False
achitnis,False
jdike,False
Xantia,False
rob,False
dkl,False
ricmm,False
RpJ,True
skim,True
ladis,True
jeremyw,True
xealon,True
hiddenpower,False
elgreen,False
craig,False
Carrok,False
roblimo,False
jcarr,True
mlemos,False
chrislangreiter,False
cnb,False
ams,False
jdm,False
adiabatic,False
adl,False
amberarcher,False
wildman,False
dps29,False
billionaire,False
Acki,False
julesh,True
patux,False
esinclai,True
dpatel,False
quentinsf,False
ntang,False
suds,False
zecke,False
grumbel,False
sphair,False
gene9,False
Nietzsche,True
itsme,False
bdodson,True
monniaux,True
jda,True
cdevienne,False
ari,False
wsargent,False
vanterpool,False
holgate,True
jeremy,False
jclement,False
koda,False
yooha,False
uriah923,False
magictongue,False
simeon,True
elho,True
danbri,False
Form,False
Mysidia,True
joem,True
Astinus,True
dreww,False
collord,False
bobsquatch,False
caruzo,False
Micksa,True
vipw,True
manero,True
gtk,False
aaronv,False
misaka,False
tttt,False
Damian,False
ghaz,False
freequi,False
aidan,False
ReCoN,False
guardian,False
lange,True
auntfloyd,False
spiralx,False
rkr,False
gozer,False
prevostjm,False
mortis,True
arjan,True
jed,False
esap,False
myers,False
sstrickl,False
RhysJones,True
andrewb,False
iand,True
corran,True
jsinger,True
billgr,True
TexArcana,True
edwin,True
Ant,False
witten,True
lux,False
magicninja,True
zcbmzcbm,False
backtick,True
yunosh,False
modus,True
schultmc,False
farkov,False
andika,False
mss,True
joeysmith,False
andy,True
stephan,False
seph,True
realtec,False
nostrun,False
ichigo,False
maihem,False
bombastic,False
couvares,False
rileywhite,False
chant,False
cdfrey,False
skagert,True
jojo,True
fike,False
rlinux,False
petree,False
gtalvola,True
coredumb,True
Mondragon,True
palm,True
dfries,True
szysz,True
faceprint,False
zahod,False
McLone,False
thalunil,False
six809,True
Dominic,False
cenobyte,False
jacobsan,False
Frostola,False
chneukirchen,False
gaston,True
dsueiro,True
zhendong,False
phidauex,False
tthomas48,False
slamm,False
waterson,True
pearlbear,False
jsgotangco,True
donky,True
cilux,False
tuxzone,False
Orion,False
alpha,False
charon,False
cyantist,False
gsbgeek,False
mpichew,False
unigeek,False
npsimons,False
tsavage,False
shayne321,False
gzp,True
rpl,False
het,False
wnoise,False
trollol,False
del,False
cvbear0,False
liquidgod,False
kzin,False
KC7591,False
scav,False
stuart,False
rayl,False
Poole,True
maa,False
helmut,False
warmenhoven,False
sune,True
dbl,True
sharyanto,False
perlamer,True
flip,True
ABn0rmal,True
dabeej,True
momo,True
ienna,True
slyzer,True
amu,True
wal,True
bdd,True
AsmodeusB,True
BlaisePascal,False
joshuaunderscore,False
jamey,False
DANlEL,False
yizhe,False
DarthEvangelusII,False
solitaire,False
exxos,True
Dom2,False
ekkerbj,False
shad0w,False
fatal,False
Bopon,False
hugh,False
arthurtyde,False
ttt,False
Magnus,False
gene99,False
Jag,False
mfortier,True
cras,True
elliot,True
benad,True
ema,True
solarion,True
rzyjontko,True
armin,True
huagang,False
jlm30,False
damo,False
jasonc,True
willow,False
buffy,False
payneinthe,False
Artox,False
jdc,False
jasons,False
fgsch,True
avix,False
jab,True
joearm,False
bbum,True
brendan,False
kabuk,False
toniw,False
caine,False
ordinary,False
Acolon,False
leonbrooks,True
France,False
kerz,False
coffelius,False
doviende,True
derupe,False
mwest,False
rock,False
WinterLight,False
tert,False
ravisrirangam,False
Grinder,False
bigbuba,False
erAck,False
martinicus,False
sander,True
horton,True
deadpunkguy,True
Diwann,False
alessio,False
tm2,True
jneves,True
sajith,False
yoavw,False
LukeyBoy,False
algaba,False
jwhiter,False
lowlife,False
ChipIA64,False
pmbas,False
mips,True
PatrikR,False
crulx,False
teknofile,False
klugegod,False
steinm,False
jahnke,False
rootsh,False
pvalchev,False
rebek,False
kirby,False
wahlau,False
kaeru,False
Steelhead,True
thinq,False
rael,True
grisha,False
jfreak,False
Zonker,True
ADDSATAN,False
veblen,False
etoffi,True
nomadamon,False
abo2,False
djmgnu,False
af,False
Jick,False
FourG,True
2B,False
vii,False
KLOG,False
shack,False
shields,False
Fatz,False
IanBruntlett,False
oztourer,False
danpost,False
akihabara,False
edwardam,False
cezarg,False
Gregory,False
earl,False
tmilford,False
lrargerich,True
nikke,False
blef,False
pij,False
dsnopek,False
jannone,False
burner,False
lordpixel,False
TheMuso,False
kabads,False
ctrlsoft,False
anirban,False
ly,False
smiha,False
sebol,False
malk0,False
linuxchaos,False
stamer,False
pravin,False
pjames,False
FeeBLe,False
si0ux,False
nayyar,False
cynicz,False
feztbrus,False
ozone,False
merriam,False
huberttonneau,False
dragotown,False
opek,False
harvester,False
lkratz,True
anselm,True
cris,False
pulento,False
orasis,False
phonomongrel,False
csa,False
gorny,False
fbriere,False
noselasd,False
vt3,False
mjl,False
AxelB,False
bogon,False
zodiac,False
Tux,False
jivera,False
slothrop,False
paolo,False
andrewes,False
lstep,False
willey,True
PJ,False
csk,False
white,False
renaud,True
hwaara,True
cadrian,True
tholo,False
jrincayc,False
enigma,False
bobs,False
KnockedOut,False
bertram,False
qslack,False
Justinfinity,False
livewire,False
QuoteMstr,False
tapanjyotib,False
hackfs,False
Incognegro,False
zophyx,False
Denor,False
ghod,True
privard,True
bucky,True
udim,False
dchud,True
kwd,False
rojaro,False
stephd,False
evertonsm,False
mcjason,False
dcormier,False
prash,True
zerodeux,False
darsal,True
nikole,False
swm,False
latent,False
jamver,False
NetStaRt,False
cbricart,False
reniar,False
pbirmingham,False
Orc,False
gotem,False
Noryungi,False
odin,False
sim,True
KhensU,True
average,False
bruns,False
dinodrac,False
Lynggaard,True
meris,False
fetik,False
candice,False
snickell,False
fezzik,False
MarkF,True
muks,False
joshb,False
phanto,False
smfr,False
sbwoodside,False
moibus,False
skimbu,True
axehind,False
dword,False
up2date,False
skinhead,True
JesseBlue,False
gek0,False
rhyre,False
LordChaos,False
outlet,False
matju,False
forester,True
polli,True
gibber,False
kanaka,False
negro,False
ld,False
sdog,False
andete,False
i386,False
Shizukesa,True
cheng,False
jrwrestling,False
svanegmond,False
jeanpierre,False
pogma,False
smurf,False
booch,False
Stiivi,False
savod,False
rmj,False
twentycharactersorle,False
phliar,False
achan,False
isoBoy,False
sacha,True
Sanaya,True
Rockwalrus,False
coder,False
wez,False
mtm,False
jp,False
js,False
jeffalo,False
larsk,False
pilotlight,False
jc,False
idallen,True
daouda,True
mige,True
pisi,True
javier,True
mono,False
johnhiler,False
dko,False
jpetersen,False
cjsnell,False
dbarth,False
mike32,False
difedetry,False
adamsc,True
pop,True
bmc,False
abw,True
stas,False
legart,False
karingo,False
apply,False
hf,False
oka,False
eel,False
athomas,False
minou,False
mattsm,True
ViGueTo,True
aph,True
carey,False
pixelcort,False
fraggle,False
robertdickenson,False
JasonFilby,True
sentinel,False
corecode,False
gr3g,False
rdp,False
SyOpReigm,False
vivanovic,False
mct,False
randombit,False
kappa,False
Marshall,False
pobk,False
novelli,False
nerdwell,False
baitalmal,False
Scizo,False
beens,False
freax,False
caiqian,False
sqlguru,False
danny,True
pinky,False
sralston,True
chowells,False
ithamar,False
ubiquitin,False
pdr,True
skreuzer,False
inf,False
pw,True
moronis,False
sgarrity,False
bluets,True
sterling,True
viljo,False
techt,False
kopolor,False
anna,True
ttroxell,False
floop,False
jproulx,False
ukkotiko,False
migu,False
mateen,False
mmangino,True
juliux,True
minorityreport,True
TonySidaway,True
fanf,True
jkdufair,False
CentrX,False
Axolotl,False
laymusic,False
vinylrecord,False
Spyro,True
touch,False
luthiano,False
ciphergoth,True
rose,False
boostmyego,True
subpop,True
till,True
eivindj,True
mhat,False
fvw,False
nat,False
larva,True
JuxtaPositionYou,False
fridge,False
vivek,False
moo,False
stephus,False
TomHornson,False
mcbridematt,False
rbhalotia,False
whitinger,True
anser,True
RalphJohnson,True
brad,False
cos,False
adamd,True
kisielk,False
carbon,False
mike,False
Sourcerers,False
gps,False
Mari,False
thraxil,False
octane,False
rsync,False
mlw,False
x11,False
tack,False
abrink,False
modred,False
dglo,True
raptor,True
adamdunkels,False
ace,False
supanee,False
jmcg,False
Stalker,True
srbaker,False
bjc,False
pohl,False
jredburn,False
RaviSHankar,False
dreamind,True
toledo,True
nicnacs,False
gavinb,False
pjrm,False
mhanlon,False
vineethm,False
arams,False
shayboob,False
djw,False
ow3n,True
ketlekan,False
Mohammad,False
seanegan,False
dbrock,False
rjp,False
shermozle,True
wubby,False
mico,False
llasram,False
jamiemcc,True
vansh,False
bmb,True
rvr,False
rcardenes,False
cbz,False
rlotz,False
gburnett,False
caseyg,False
instructor,True
AlistairMcMillan,False
yob,False
tc,False
rosel,False
dmra004,False
sudog,False
timep,False
Netdancer2,False
kapplegate,False
stark,False
osram,False
Alphax,False
wallace,False
chris,False
Seri,False
beast,False
ikt0me,False
jschurger,False
chflags,False
buzco,False
mixter,False
tolonuga,True
lion,False
mikeB,False
zappy,False
dscollins,False
ashley,False
beaver1693,False
neto,False
pty,False
scw,False
scs,False
sausageboy,False
cwilson,False
mdm42,False
kervalen,False
andrea,False
mjreilly,False
futaris,False
TheRAt,False
ts,True
ChristopherA,False
wconnell,False
bobman,False
megan,True
sofy,False
AGL,False
hashpolitics,True
gekked,False
strick,True
andrelop,False
luk,False
dsf,False
fagrspf,False
leo,False
invoke,True
mchang,True
bcc,True
bugbiter,True
dmcc,True
dln,True
sarum,True
ffxz,True
cstross,True
mps,False
psyK,False
uwe,False
jnutting,False
leighsmith,False
Marooned,True
salemioche,True
ike,True
toonsy,True
TyBaran,False
jimn,False
jonathon,True
trhall,True
JesseR,False
bignose,False
sync,False
Whizziwig,False
asanchez,False
zaustin,False
clubfan,False
zentric,False
Aardvark,False
tbehrends,False
clock,False
abi,False
Eimi,False
Illuvatar,False
vrfy,False
netstar,False
dberlin,True
jcspray,False
christo,False
armbothism,False
aoreana,False
ktohk,False
andrewm,False
zer0,False
johnrowan,False
housel,False
deanjx,False
Demie,False
chryjs,False
edw,False
kjk,True
daf,True
arm,False
jbert,True
Darkman,True
jrowan,True
dgadelha,False
maya,False
drasko,False
cucumelo,True
mmannix,True
simba,True
bzajac,False
wefania,False
jemarch,True
Tobias,False
shownet,False
egerbier,False
gigamatt,False
dion,False
kazkylheku,False
billgates,False
zaldun,False
det,False
dej,False
salo,False
Anarchy,False
YardCow,False
ahiliation,False
aspinall,False
izham,False
ambient,False
mikeycooper,True
thayer,False
Liv3wir3,False
robbe,False
bbrock,False
impulse,False
yournamehere996,False
mau,False
oku,False
fxtech,False
Nozle,False
bmetzler,True
silvernerd,False
limitln,False
mbatsis,False
danja,False
karkul,False
Caboom,False
random,False
ghostrider,False
dwave,False
mattmcp,False
dsainty,False
jmr,False
whois,False
eldamitri,False
dpmohne,False
maniax,False
Namosui,False
essallen,False
shrao,False
coar,False
vruz,False
stevecassidy,False
das,False
davep,False
trellis,False
popeclayton,True
kafine,False
Fill,False
jhulten,False
kinetik,False
cullenfluffyjennings,True
drunen,False
bko,False
pent,False
AndrewDSmart,False
kraant,False
rsdio,False
ferengi,False
yanalisa,False
cthrall,False
jaques,False
ecarlesi,False
trout,False
javiers,False
hantulab,False
christafano,False
kpyle,False
jukal,False
zakihassan,False
riq,False
vgedris,False
dax,True
spstarr,False
otto,False
taranga,False
rpragana,False
RuddO,False
bryam,False
tmonk42,False
scaramanga,False
pam,False
mongol,False
mkestner,True
think,False
MisterMC,False
dazman,False
juha,False
lantern,False
shaman33,False
shu,False
rjrodger,False
frealek,True
pulsar,False
kelimek,False
aldrin,True
a3n,False
arunkd13,False
Dunceor,False
Bee,False
matthewd,False
sgala,False
Reampage,False
toysruss,False
eibner,False
sherm,False
sparkes,False
atype,False
dearkeka,False
obritim,False
stephenc,False
bertuchi,False
billsb,False
cromis,False
ag,False
inherit,False
yugami,False
harbourn,False
kg6cvv,False
DNAGuy,False
sc,False
Helvetix,False
aal,False
NoBoDy,False
robc,False
stu,False
greg,False
wjlr,False
garun,False
mussi,False
jcs,False
tmartin,False
wilkason,False
acid,False
picasso,False
liljo,False
babar,False
mose,False
borud,False
pauldoo,False
ronni,False
netrap,True
epic,False
masood,False
dgh,True
Zew,False
perky,False
phessler,False
plman,False
marnanel,False
drzap,False
lupusBE,False
fix,False
stanfograd98,False
wayne,False
altair,False
holsta,False
mesozoic,False
justinjs,False
foner,True
applein,False
netfighter,False
timbacon,False
lior,False
moranski,False
ravidgemole,False
billbob,False
Digimoon,False
barf,False
RyanHeise,False
rik,False
Borzy,False
turing,False
poelzi,False
tchambery,False
iks,False
openface,False
markhy,True
macsen,False
rnsanchez,False
phpforge,False
bgm,False
rares,False
tapir,True
mattgerg,False
avatar,False
ads,False
infinity,False
ean,True
poins,False
jeff,False
seth,False
Zion,True
tibbetts,True
scameron,False
jon,False
updong,False
satyap,False
sammy,True
pblo,False
MarkAtwood,False
JulianM,False
owrede,False
karlb,False
drjekyll,False
karld,False
devis,False
adrianbye,False
Curious,False
psychopenguin,False
execve,False
ekj,False
cyrelk,False
gmp,False
chrisflynn,False
holdenweb,False
sera,False
cevans,False
Suvarov454,False
bokane,False
nriley,False
spets,False
MattPayne,False
richardl,False
mish,False
prj,False
ruediger,False
andfarm,False
blinker,False
BigNachos,False
sRp,False
BlckKnght,False
chuckw,False
mote,False
rix,False
rip,False
hellow,False
SgtPepper,False
ondrej,False
bukys,True
ppetru,False
camworld,False
satai,False
werky,False
Echelon,False
fstanchina,False
tresoldi,False
jat,False
SahajMaituna,False
gek,False
mathcome,False
jw,False
david,False
justice,False
liuqiuzhen,False
jpl,True
jtangney,False
me2advogato,False
iscxb,False
talkngtn,False
simosx,False
seachina,False
cormac,False
dsb3,False
kelley,False
sys,False
jci,False
gdgupta,False
spadkins,True
bcm,True
iso88956,False
bobuk,False
thalakan,False
ghutchis,False
ttt1,False
riaan,False
tklancer,False
kernel,False
gwright,False
virutass,True
insom,False
racer,True
jimr,False
davemc,False
pabas,False
d,False
syn,False
vesta,False
tlbdk,False
Ornicar,False
yole,False
sketch,True
feanor,False
Payne,False
mvevers,False
zhware,False
edson,False
tgr,False
kyotone,False
oec,False
Mandrake,False
tansaku,True
slamp,False
eisenbud,False
ipmonger,False
yuengli,False
mreinsch,False
kyrka,False
rederpj,False
katie,True
mskranz,False
bigpaul,False
gowlin,True
yaubi,False
rdw,False
slartibartfast,False
heri0n,False
woodhull,False
rahrenstorff,False
loosifer,False
eikfaise,False
draco,False
deryni,False
ralph,False
Sam,False
perlpimp,False
bi,False
Abhas,False
m,False
prescience,False
janerik,False
jpb,True
rafiq,True
jboy55,False
Locave,False
pphong99,False
Mac,False
dale,False
robweir,False
realtek,False
teixi,True
danielwang,False
gautamg,False
rikitiki,False
EarthTone,False
paulgiron,False
auxesis,False
hella,False
navajo,False
berdik,False
onegeekadvogato,False
Shrink,False
jordanb,False
Kip,False
adamjk,False
hazelsct,False
axel,False
tweaker,False
jcdlondon,False
RussGarrett,False
sweeks,False
caedwa,False
jakov,False
jelwell,False
shepard,False
magic,False
shakilctg,False
harobed,False
ivicweb,False
jrjbballfreak23,False
schumaml,False
JN,False
aslak,False
gnudist,False
gjb,False
jbarroso,False
wul,False
amledin,False
wordmonkey,False
nile,True
dpk,False
cartman,False
chl,False
twcook,False
toddboyle,False
lize,False
shkoo,False
cdjones,False
tader,False
niriv,False
supo,False
Ctrl,False
mawa,False
Philipp,False
cokane,False
bloofar,False
cmeyer,False
lee,False
sturob,False
plevy,False
calennert,False
dbr,False
pemdas,False
ttt2,False
compukid,False
sotod,False
hudson,False
jleach,False
MattInX,False
seahawk,False
sbalneav,False
castagna,False
yoper,False
carroll,False
tepoter,False
mcgroarty,True
jorgearcas,False
johnjones,False
emptty,False
nemo,False
alin,False
armando,True
neek,False
borja,True
seneka,False
nirmeshmit,False
mcmilk,False
gcc,False
hgolden,False
student,False
jahqueel,False
revo,False
mdchaney,False
early,False
gschlossnagle,False
xm,False
tiago,False
bertim,False
bse,False
roberts,False
mcroydon,False
maphew,True
mattk,False
wen,False
Highlander,False
KellyHo,False
gch,False
paradox,False
redcap,False
mitsue,False
fismith,False
stevelacerda,False
sineka,False
itadmin,False
feik,False
mjc,False
joansf,False
densa,False
Snowie,False
gambuzino,False
juhp,False
arubin,False
exvita,False
mjbrown,False
witness,False
obscuro,False
swilde,False
szutshi,True
coyotescreams,False
aaronwald,False
cheasy,False
LosHawlos,False
premchai21,False
shrub,False
jsheehy,False
abuse,False
rpelcastre,False
pcsec,False
laburu,False
ar,False
thelema,False
pjc50,False
rpm,False
feyd,False
radel,False
resedit,False
pelaja,False
hawk,False
rgressler,False
miaomix,False
cortesi,False
juli,False
pcrosby,False
rss,False
4ubk,False
geoff,False
NoWhereMan,False
seb,False
berthu,False
umquam,False
wilm,False
willg,False
mij,False
aurium,False
thebat,False
anhinga,False
NTVision,False
mis,False
Vapour,False
pete,False
boerner,False
twleung,False
bdonlan,False
eleka,False
locust,False
thagale,False
grahagre,False
dmullen,False
doozer,False
sparky,True
katim,True
jedstr,False
Didel,False
garett,True
xshao,False
ferulisses,False
rmolina,False
ayeq,False
svan,False
adolar,False
geekd,True
madvogato,False
dscribner,False
aleck,False
spetschu,False
feebdaed,False
mquinson,False
mordormx,False
alessandro,False
carlospm,False
ronin,False
jet99,False
caringi,False
pweiskircher,False
BenBun,False
cazort,False
rajeev,False
pnis,False
Aurel42,False
samo,False
olga,False
vazio,False
wald,False
bbk,False
asierra,False
yam,False
harkal,False
fuzzie,False
dvdeug,False
mstyne,False
jbdunsmo,False
ewsdk,False
zecke2,False
operon,False
Wolf,False
rcaelers,True
Strike,False
cdwiegand,False
Keith,False
aargh,False
matthew,False
Requinix,False
larry2k,False
suzi,False
infinite,False
Sumy,False
sjbrown,False
gokohnert,False
fabiofb,False
object,False
Dzifa,False
Stern,False
tcg,False
madan,False
AndyCater,False
dleary,False
tero,False
K2,False
drivera,False
hns,False
JSeger,False
Zurk,False
markpratt,False
fdivbug,False
ernani,False
zach,True
tdat,True
yelvington,True
mrw,True
sxw,True
wildmage,True
adduncan,True
nettrom,True
cronosII,True
kih,False
speeder2,False
TheRoxo,False
ElMoro,False
MeMyself,False
oktal,False
mlf,False
Silverwind,True
doster,False
uzume,False
jsisam,False
wraith,False
malander,False
nathanr,False
marthag,True
Rachie,False
princess,False
Xromo,False
jam,False
danilo,False
Yosi,False
mopbri,False
hrishi,False
schlumpf,False
mikal,False
AlexP,False
larsneo,False
van,False
nxc3,False
wiml,False
rcj,False
AccordionGuy,False
coke,False
santas,False
xerox,False
EwS,False
bdelacretaz,False
drops,False
ha,False
ddiaz,False
LightArk,False
r2d2,False
dannygva,False
burkele,False
apathy,False
zcoder,False
statio,False
dennyliao,False
wtanaka,False
olecom,False
fboya,False
nrf,False
radar,False
jansegers,False
martingaido,False
bcl,False
4x,False
northrup,False
philiph,False
Krellan,False
arnabdotorg,False
-,True
